País,Fecha,Ingresos (millones),Gastos Operativos (millones),Rentabilidad (%),Índice de Morosidad (%),Satisfacción del Cliente (%),Nuevos Clientes,Tasa de Retención (%),Tiempo Aprobación Créditos (días),Número de Transacciones (miles),Inversión en Capacitación (millones),Rotación de Empleados (%),Índice de Innovación (%)
Nicaragua,2022-01-31,123,108,5.37,9.22,83.05,851,92.25,1,107,9.45,7.6,89.43
Nicaragua,2022-02-28,337,171,14.0,4.67,78.48,2558,82.62,3,124,3.93,9.72,65.5
Nicaragua,2022-03-31,127,97,10.72,7.84,88.17,2449,93.75,6,116,2.43,8.03,72.39
Nicaragua,2022-04-30,249,181,18.2,8.08,77.72,1974,93.91,9,174,2.14,4.31,86.49
Nicaragua,2022-05-31,364,52,5.61,2.28,87.11,4875,93.28,3,57,9.02,3.47,78.75
Nicaragua,2022-06-30,403,187,14.18,5.52,85.98,2248,89.27,2,151,3.2,6.37,68.49
Nicaragua,2022-07-31,432,167,12.57,8.59,85.31,2258,93.95,9,123,4.5,7.87,86.43
Nicaragua,2022-08-31,384,153,16.06,6.86,93.49,4842,86.65,5,101,1.08,7.03,82.58
Nicaragua,2022-09-30,151,194,15.63,5.78,75.55,4344,88.39,5,166,3.15,3.98,50.94
Nicaragua,2022-10-31,165,126,5.73,2.75,81.44,2550,95.3,6,156,4.06,9.92,63.72
Nicaragua,2022-11-30,338,112,12.94,7.06,81.5,1047,86.9,9,183,4.25,8.62,73.51
Nicaragua,2022-12-31,433,181,15.85,2.35,77.5,2677,93.87,9,165,8.15,8.71,65.64
Nicaragua,2023-01-31,126,114,17.66,5.45,87.01,836,89.64,4,92,2.78,7.25,82.29
Nicaragua,2023-02-28,322,138,16.33,6.54,74.3,4075,93.85,2,84,5.46,2.96,73.4
Nicaragua,2023-03-31,192,147,12.8,3.39,80.82,3549,94.4,6,163,6.67,7.05,65.57
Nicaragua,2023-04-30,334,176,6.81,8.26,80.83,990,85.76,8,140,4.21,3.16,72.86
Nicaragua,2023-05-31,431,84,6.08,8.66,83.7,4534,90.59,8,193,5.79,7.27,69.98
Nicaragua,2023-06-30,456,175,12.66,8.23,77.93,1905,93.33,5,149,5.4,6.18,87.26
Nicaragua,2023-07-31,152,112,8.94,6.38,73.96,2827,84.26,7,96,3.24,6.87,84.14
Nicaragua,2023-08-31,397,185,6.23,9.53,70.53,3262,95.29,2,111,1.73,4.97,72.87
Nicaragua,2023-09-30,370,62,19.21,1.54,89.68,4388,87.46,5,100,3.02,4.33,67.84
Nicaragua,2023-10-31,206,150,5.67,2.7,83.65,2688,82.13,1,170,9.98,4.94,70.11
Nicaragua,2023-11-30,427,118,16.15,6.23,90.51,1141,91.69,8,110,9.25,6.18,79.8
Nicaragua,2023-12-31,211,198,15.48,9.4,71.96,3712,85.0,1,124,4.76,9.7,55.46
Nicaragua,2024-01-31,228,137,8.14,4.45,91.49,2802,96.92,5,98,7.32,7.36,72.13
Nicaragua,2024-02-29,377,159,14.6,3.69,79.51,2806,84.05,1,174,9.57,3.2,82.19
Nicaragua,2024-03-31,346,74,12.86,8.82,74.56,742,87.97,5,84,8.92,5.33,63.56
Nicaragua,2024-04-30,497,62,18.45,6.18,83.14,1932,86.54,7,70,8.35,3.08,82.02
Nicaragua,2024-05-31,472,196,17.62,9.33,85.19,2676,90.17,4,64,5.44,5.73,77.42
Nicaragua,2024-06-30,297,196,5.03,2.9,89.43,3622,83.64,9,197,7.51,6.9,57.4
Nicaragua,2024-07-31,410,171,8.66,4.74,74.34,4404,91.11,2,162,5.76,9.81,71.76
Nicaragua,2024-08-31,291,156,8.26,6.46,72.4,4721,92.3,1,97,6.96,2.15,74.59
Nicaragua,2024-09-30,176,147,16.11,9.53,85.58,4823,91.03,2,117,2.58,5.03,62.9
Nicaragua,2024-10-31,301,110,16.18,2.04,90.1,738,87.75,3,158,3.0,2.57,81.18
Nicaragua,2024-11-30,296,64,13.61,7.96,70.49,4717,89.24,5,113,4.8,9.62,59.04
Nicaragua,2024-12-31,364,129,11.72,4.58,75.61,1532,96.68,1,61,7.63,6.38,67.91
Argentina,2022-01-31,401,102,15.12,3.16,76.5,610,80.08,5,63,8.7,5.25,51.98
Argentina,2022-02-28,415,121,15.38,3.17,87.94,948,89.85,5,162,7.05,9.16,81.42
Argentina,2022-03-31,317,95,17.88,4.94,82.06,2079,83.5,5,73,1.12,5.41,58.94
Argentina,2022-04-30,353,143,10.15,7.65,88.24,889,92.22,7,78,9.32,4.21,86.95
Argentina,2022-05-31,405,71,9.73,6.53,73.03,2989,95.12,5,85,8.99,5.65,81.78
Argentina,2022-06-30,224,77,19.06,3.53,74.9,2226,92.14,7,62,4.63,7.82,82.45
Argentina,2022-07-31,196,80,16.87,3.69,79.15,3659,89.41,4,180,8.37,8.16,84.71
Argentina,2022-08-31,312,98,9.06,9.55,94.57,634,88.95,2,189,3.23,9.14,67.9
Argentina,2022-09-30,133,192,8.35,6.16,83.87,4318,89.11,8,65,5.85,4.83,76.22
Argentina,2022-10-31,192,161,11.77,2.35,89.37,911,89.37,7,104,5.41,2.03,86.53
Argentina,2022-11-30,213,104,8.01,3.88,89.48,3189,87.38,5,181,9.0,8.52,87.71
Argentina,2022-12-31,270,142,14.78,2.35,89.78,1520,95.31,5,63,9.8,3.09,77.27
Argentina,2023-01-31,353,114,12.64,6.72,80.45,2264,93.03,7,191,4.5,2.27,60.59
Argentina,2023-02-28,173,50,19.93,9.38,86.33,2811,81.1,6,100,7.18,2.17,65.37
Argentina,2023-03-31,444,167,16.49,2.38,89.92,2955,83.14,4,178,7.41,9.24,65.82
Argentina,2023-04-30,292,123,6.27,4.3,93.37,1876,87.38,3,112,8.3,4.75,84.75
Argentina,2023-05-31,431,60,6.85,3.59,75.29,4319,86.35,5,88,7.02,2.2,64.32
Argentina,2023-06-30,394,146,12.96,3.35,94.92,2817,90.28,9,101,7.46,7.21,58.55
Argentina,2023-07-31,112,69,15.62,9.69,90.67,2450,95.87,2,184,8.94,4.94,67.12
Argentina,2023-08-31,292,64,7.39,8.03,73.84,1808,88.0,3,89,5.68,5.1,50.96
Argentina,2023-09-30,484,138,19.99,4.89,80.04,1694,95.79,2,56,1.68,5.98,63.45
Argentina,2023-10-31,319,140,15.39,2.22,88.44,3873,92.87,2,71,4.98,6.01,80.46
Argentina,2023-11-30,240,135,19.33,7.71,89.77,516,80.55,8,149,7.61,8.46,50.37
Argentina,2023-12-31,204,67,18.85,1.72,83.94,4622,81.09,9,82,4.87,9.25,50.19
Argentina,2024-01-31,197,100,9.89,2.06,83.57,2202,88.05,4,143,1.61,5.94,83.85
Argentina,2024-02-29,175,87,11.61,7.49,74.79,632,87.54,4,185,5.08,8.78,50.54
Argentina,2024-03-31,433,53,18.59,3.76,91.17,2317,81.38,9,181,4.8,9.67,73.97
Argentina,2024-04-30,368,147,14.71,8.92,78.68,2757,92.29,4,74,6.74,6.63,63.58
Argentina,2024-05-31,156,148,11.03,9.6,70.67,4561,96.99,8,90,1.87,9.41,52.23
Argentina,2024-06-30,492,174,7.13,1.84,73.5,2985,84.23,6,199,9.2,2.48,71.59
Argentina,2024-07-31,335,83,16.62,7.27,92.24,1802,90.74,1,116,2.18,4.31,77.55
Argentina,2024-08-31,241,73,19.07,3.5,85.58,834,84.38,3,107,6.16,9.05,59.11
Argentina,2024-09-30,433,112,12.8,3.69,91.09,729,94.43,6,82,7.21,5.93,54.22
Argentina,2024-10-31,225,140,14.58,3.49,84.13,2446,94.41,5,198,1.53,8.0,53.54
Argentina,2024-11-30,237,184,13.48,5.49,92.87,586,83.13,5,148,9.28,7.6,77.75
Argentina,2024-12-31,363,167,11.3,4.06,90.43,1039,84.8,1,109,5.91,2.82,53.71
Honduras,2022-01-31,453,179,11.54,5.61,83.75,3256,93.11,3,99,6.61,5.56,73.99
Honduras,2022-02-28,120,109,6.7,5.13,93.85,1579,94.69,5,116,2.53,6.91,54.89
Honduras,2022-03-31,109,76,19.2,8.83,80.11,1398,82.92,9,148,4.13,2.19,73.4
Honduras,2022-04-30,433,155,19.49,2.63,71.13,1414,85.98,9,94,7.85,8.52,76.39
Honduras,2022-05-31,215,166,11.48,5.08,77.92,3070,83.71,6,54,5.72,8.89,59.52
Honduras,2022-06-30,159,51,9.67,6.41,76.49,2706,81.04,8,139,9.32,7.09,62.91
Honduras,2022-07-31,429,192,5.79,9.13,85.21,4569,85.8,1,116,7.8,9.68,72.1
Honduras,2022-08-31,209,95,18.37,6.82,92.28,2128,82.94,1,99,4.61,6.99,80.13
Honduras,2022-09-30,211,158,7.79,9.38,81.73,1939,96.64,2,124,2.89,3.51,83.84
Honduras,2022-10-31,173,61,11.33,7.57,94.86,3651,81.81,1,79,7.87,8.97,82.44
Honduras,2022-11-30,465,64,9.19,5.14,84.22,2057,86.04,2,144,1.69,5.9,57.65
Honduras,2022-12-31,465,191,18.19,2.62,89.56,2862,93.88,8,148,5.18,3.83,67.66
Honduras,2023-01-31,229,184,16.98,7.49,75.99,4492,87.52,1,101,6.26,2.0,50.92
Honduras,2023-02-28,465,61,6.03,4.15,86.57,3710,88.23,6,106,8.94,7.64,85.38
Honduras,2023-03-31,368,131,13.57,1.27,90.36,3455,89.2,3,142,9.88,5.19,51.74
Honduras,2023-04-30,476,194,12.74,9.48,84.8,3606,96.29,3,61,9.65,9.67,67.16
Honduras,2023-05-31,395,147,19.09,3.18,86.58,3188,91.56,9,109,5.98,9.19,58.37
Honduras,2023-06-30,367,176,14.09,9.88,80.4,1635,97.28,1,58,5.81,7.31,71.39
Honduras,2023-07-31,485,170,6.77,6.25,77.28,1624,91.01,2,143,4.63,9.91,61.46
Honduras,2023-08-31,188,53,16.5,3.67,81.66,4924,82.84,8,116,5.78,6.59,58.29
Honduras,2023-09-30,215,164,9.86,3.68,75.7,4378,94.83,8,134,6.12,7.7,53.92
Honduras,2023-10-31,491,174,17.78,5.63,91.16,528,88.47,9,98,2.91,5.93,80.88
Honduras,2023-11-30,312,133,6.12,5.66,87.17,1100,92.49,8,51,1.99,9.7,53.09
Honduras,2023-12-31,370,173,15.64,8.83,82.73,2583,97.22,7,129,2.02,9.73,50.84
Honduras,2024-01-31,255,113,17.7,5.87,78.44,792,83.63,4,185,4.5,3.79,72.97
Honduras,2024-02-29,138,173,7.0,9.09,89.4,1746,88.45,3,51,3.58,9.17,58.38
Honduras,2024-03-31,197,143,14.99,3.34,81.04,1025,83.52,7,64,1.82,3.34,87.21
Honduras,2024-04-30,250,57,13.79,8.2,84.97,3003,90.82,1,182,3.4,3.31,76.46
Honduras,2024-05-31,123,146,6.47,7.43,76.13,1943,89.03,5,55,2.11,4.09,58.46
Honduras,2024-06-30,446,148,5.38,1.75,92.08,3792,88.08,5,162,4.2,6.4,86.38
Honduras,2024-07-31,251,93,5.04,4.76,71.85,3811,89.72,4,71,1.38,6.0,65.98
Honduras,2024-08-31,490,186,12.07,5.11,72.34,586,80.98,5,179,2.02,5.52,53.25
Honduras,2024-09-30,482,157,17.63,5.65,79.69,672,95.59,9,146,8.79,3.39,75.38
Honduras,2024-10-31,455,124,13.39,4.8,77.98,1068,96.41,6,57,4.1,3.39,53.3
Honduras,2024-11-30,189,156,17.35,4.83,70.4,3247,83.2,6,55,8.47,5.0,51.82
Honduras,2024-12-31,462,126,19.9,3.77,86.03,4368,89.41,3,151,6.14,9.31,67.9
Guatemala,2022-01-31,108,51,5.22,9.44,81.45,1733,85.17,6,144,4.41,5.45,76.14
Guatemala,2022-02-28,483,106,19.91,7.61,76.01,4896,91.78,1,88,3.57,7.73,64.21
Guatemala,2022-03-31,103,65,11.72,2.7,75.26,3767,84.17,6,177,8.69,7.7,60.09
Guatemala,2022-04-30,346,55,7.5,6.31,71.23,1843,90.74,3,174,2.5,5.23,67.42
Guatemala,2022-05-31,306,128,17.49,2.66,84.41,4807,84.57,2,130,2.34,7.65,75.34
Guatemala,2022-06-30,490,197,10.44,8.64,71.51,3906,80.52,8,68,7.1,5.74,75.67
Guatemala,2022-07-31,452,132,5.9,8.54,84.47,1346,89.14,6,89,7.62,3.49,66.83
Guatemala,2022-08-31,327,160,14.35,9.66,78.96,3468,96.03,3,97,1.08,6.59,86.47
Guatemala,2022-09-30,478,53,16.19,6.33,77.62,3835,90.04,4,93,9.4,6.47,50.16
Guatemala,2022-10-31,229,196,10.54,9.65,84.85,2417,95.69,6,103,9.64,9.8,72.63
Guatemala,2022-11-30,208,142,5.28,4.55,81.93,3609,85.52,5,55,7.72,4.45,59.61
Guatemala,2022-12-31,373,114,19.93,7.9,82.23,3154,93.06,9,135,1.64,2.03,68.27
Guatemala,2023-01-31,197,122,13.39,2.02,72.83,4733,82.17,9,164,7.86,6.59,54.43
Guatemala,2023-02-28,451,137,15.81,4.11,73.05,4286,93.03,4,83,6.32,3.14,70.44
Guatemala,2023-03-31,353,73,7.96,8.87,88.39,2549,90.73,8,91,8.09,7.2,85.61
Guatemala,2023-04-30,196,159,6.73,6.38,70.91,4312,90.72,3,161,2.98,2.7,86.6
Guatemala,2023-05-31,213,154,9.98,5.14,75.51,3318,96.8,6,163,4.38,4.19,73.69
Guatemala,2023-06-30,104,68,11.68,1.84,90.19,2758,84.89,3,99,2.12,3.67,66.31
Guatemala,2023-07-31,496,82,10.13,8.04,88.27,1247,93.64,5,191,2.53,4.82,65.09
Guatemala,2023-08-31,244,159,12.51,2.21,80.51,1644,94.45,6,149,4.23,4.25,66.24
Guatemala,2023-09-30,317,169,9.73,7.17,85.82,3979,86.83,8,153,5.83,9.22,56.59
Guatemala,2023-10-31,131,170,8.0,5.75,78.42,2744,93.3,1,174,6.16,3.6,78.03
Guatemala,2023-11-30,309,199,6.72,9.89,90.78,4924,95.51,9,193,7.48,9.69,66.03
Guatemala,2023-12-31,390,173,5.65,6.39,88.46,4483,96.05,9,51,3.33,2.96,81.45
Guatemala,2024-01-31,222,190,10.85,3.08,71.42,3503,82.67,7,147,3.81,7.91,78.23
Guatemala,2024-02-29,358,107,12.93,9.88,84.45,3817,85.72,3,62,7.27,9.94,80.69
Guatemala,2024-03-31,198,57,8.07,4.8,89.81,2918,93.66,5,101,4.58,4.98,81.48
Guatemala,2024-04-30,339,156,12.06,8.47,83.66,4121,82.84,4,136,7.71,7.01,88.32
Guatemala,2024-05-31,310,65,10.54,3.57,94.78,4503,82.92,1,192,7.95,9.54,71.62
Guatemala,2024-06-30,243,117,18.39,8.59,85.4,1066,85.95,6,80,8.34,8.58,56.91
Guatemala,2024-07-31,234,162,15.16,1.15,70.02,4036,94.81,2,159,5.58,8.46,56.56
Guatemala,2024-08-31,203,138,11.44,6.44,90.24,1366,80.3,5,166,9.71,2.59,64.79
Guatemala,2024-09-30,267,153,5.46,7.33,92.82,4766,95.53,3,171,4.81,4.1,80.1
Guatemala,2024-10-31,372,70,19.01,3.88,81.14,2794,93.11,4,118,2.64,7.75,69.57
Guatemala,2024-11-30,237,150,17.1,6.6,92.72,4623,93.4,6,154,3.66,2.59,76.93
Guatemala,2024-12-31,227,127,19.51,4.0,79.26,4164,91.55,5,186,5.64,3.12,82.53
Venezuela,2022-01-31,474,165,8.58,3.86,75.21,2642,88.94,6,77,7.91,7.27,77.89
Venezuela,2022-02-28,466,100,16.26,2.15,71.29,2985,88.5,6,134,6.2,9.9,84.66
Venezuela,2022-03-31,458,162,9.9,4.67,72.75,3684,96.54,3,78,3.13,3.25,72.87
Venezuela,2022-04-30,182,156,17.89,3.13,81.2,2706,85.51,3,162,2.27,4.6,66.24
Venezuela,2022-05-31,415,138,17.35,9.95,75.73,4790,86.63,7,154,7.32,6.91,74.62
Venezuela,2022-06-30,416,178,9.99,9.98,80.54,3600,89.27,4,133,6.47,6.64,64.12
Venezuela,2022-07-31,450,140,9.43,9.93,89.14,3998,84.28,8,197,3.46,6.86,64.66
Venezuela,2022-08-31,109,156,9.08,4.43,74.06,4533,94.41,2,199,9.98,3.79,62.35
Venezuela,2022-09-30,296,162,11.6,7.54,72.89,3514,93.7,7,114,4.33,2.02,57.81
Venezuela,2022-10-31,456,151,5.56,4.21,82.46,1899,86.93,3,54,6.02,6.1,68.7
Venezuela,2022-11-30,332,126,10.85,8.68,70.89,4934,95.29,4,103,9.71,2.87,88.6
Venezuela,2022-12-31,392,153,9.97,5.14,83.7,3800,83.06,8,165,8.37,3.57,81.66
Venezuela,2023-01-31,488,95,10.84,2.96,78.7,3540,85.06,6,154,3.46,8.84,60.22
Venezuela,2023-02-28,160,101,16.51,2.59,89.42,1805,83.88,3,196,4.39,8.49,86.39
Venezuela,2023-03-31,253,171,19.51,1.45,82.25,3394,95.2,5,134,2.22,7.54,61.58
Venezuela,2023-04-30,490,104,16.51,8.22,81.36,4424,88.93,1,91,9.71,2.96,80.02
Venezuela,2023-05-31,194,151,18.51,4.39,92.32,3614,82.0,1,70,9.37,4.02,78.89
Venezuela,2023-06-30,150,108,6.32,6.07,92.1,2062,89.38,7,185,6.2,3.34,89.51
Venezuela,2023-07-31,485,145,7.09,1.37,92.67,1643,86.21,8,166,4.78,6.22,76.01
Venezuela,2023-08-31,297,155,16.72,9.27,71.68,4786,97.13,2,185,1.53,8.32,64.32
Venezuela,2023-09-30,401,177,5.22,8.29,86.99,3043,89.67,5,80,5.82,7.83,69.94
Venezuela,2023-10-31,334,151,6.93,6.51,75.37,1848,97.16,7,162,4.93,6.19,68.93
Venezuela,2023-11-30,356,185,14.68,2.76,89.13,4522,87.87,3,143,4.88,3.41,75.41
Venezuela,2023-12-31,134,198,11.31,5.86,84.57,4166,82.82,8,144,6.67,5.75,51.78
Venezuela,2024-01-31,221,84,10.18,2.62,80.95,4214,87.82,9,111,9.57,4.9,79.14
Venezuela,2024-02-29,465,110,11.7,2.76,91.25,2279,90.65,3,190,4.39,2.3,56.15
Venezuela,2024-03-31,364,52,10.98,9.52,77.71,3388,87.55,2,194,8.87,6.5,73.39
Venezuela,2024-04-30,471,94,10.18,6.82,85.12,3702,91.43,2,76,9.25,6.83,60.44
Venezuela,2024-05-31,232,191,12.51,7.68,89.65,676,81.5,7,60,2.51,6.99,65.62
Venezuela,2024-06-30,371,72,8.79,8.73,86.07,1758,84.42,1,120,3.03,5.5,70.37
Venezuela,2024-07-31,436,64,7.3,9.58,85.88,4157,97.85,3,105,3.26,4.03,54.36
Venezuela,2024-08-31,169,177,13.7,7.82,76.39,1276,82.2,1,60,2.01,4.33,61.4
Venezuela,2024-09-30,330,52,9.95,9.3,76.81,4516,84.88,5,116,3.66,6.08,63.63
Venezuela,2024-10-31,480,82,10.87,6.13,88.44,4752,96.42,4,171,9.33,5.19,86.54
Venezuela,2024-11-30,419,195,14.6,3.65,72.98,3468,94.77,4,144,6.91,6.21,67.59
Venezuela,2024-12-31,413,88,12.4,5.17,94.65,4067,96.91,4,115,6.94,2.51,62.7
México,2022-01-31,125,110,7.84,6.54,91.11,1899,97.25,1,50,3.83,9.03,63.63
México,2022-02-28,493,96,18.11,1.64,77.64,2424,81.6,9,108,3.5,6.33,50.59
México,2022-03-31,103,128,6.19,5.97,83.22,3220,82.87,1,166,3.78,3.46,80.16
México,2022-04-30,362,137,17.5,4.31,87.73,1208,85.62,5,125,5.36,5.52,60.12
México,2022-05-31,356,196,13.89,5.9,87.15,2223,97.98,4,56,4.49,7.64,54.74
México,2022-06-30,420,172,19.68,1.34,94.81,4733,86.87,6,53,8.81,6.59,65.07
México,2022-07-31,102,158,11.28,6.44,74.94,2473,84.46,4,105,1.4,4.96,74.45
México,2022-08-31,165,143,19.7,9.04,89.66,1214,85.31,9,55,4.23,2.88,89.38
México,2022-09-30,201,61,16.36,3.46,94.4,962,86.13,8,132,4.55,8.55,66.52
México,2022-10-31,479,195,12.33,7.99,86.6,1281,87.82,3,185,7.92,7.92,54.66
México,2022-11-30,322,120,6.65,8.26,81.95,2991,88.82,5,170,5.34,5.86,85.7
México,2022-12-31,203,191,14.47,8.12,81.58,841,88.97,2,113,3.4,8.51,52.29
México,2023-01-31,180,61,9.08,2.16,87.36,4246,94.1,1,113,9.2,5.38,69.27
México,2023-02-28,316,164,17.15,1.64,91.96,2644,93.6,6,149,8.67,8.45,65.04
México,2023-03-31,114,185,5.63,6.84,91.35,2566,90.76,9,182,7.78,2.64,80.28
México,2023-04-30,439,155,8.46,4.7,72.95,1315,92.98,8,164,8.11,5.2,86.2
México,2023-05-31,183,66,8.32,5.74,75.54,2109,91.56,4,195,1.7,8.21,78.12
México,2023-06-30,109,152,8.67,8.42,71.91,4931,92.08,3,185,1.43,6.21,68.05
México,2023-07-31,236,171,10.2,1.49,88.47,2133,83.65,1,198,7.99,2.89,69.86
México,2023-08-31,204,133,5.1,1.85,70.1,1475,94.49,5,164,5.6,7.05,88.29
México,2023-09-30,212,110,7.21,8.55,70.95,2493,80.85,3,183,5.8,4.51,86.58
México,2023-10-31,353,186,17.63,8.77,92.05,1699,85.41,3,65,6.36,9.85,78.44
México,2023-11-30,303,143,17.1,8.54,71.57,2541,93.66,5,179,5.52,3.4,70.4
México,2023-12-31,482,133,16.75,7.16,72.81,1738,92.05,4,76,8.97,7.19,69.76
México,2024-01-31,164,194,12.16,6.42,73.88,3142,97.29,2,60,9.3,9.29,81.61
México,2024-02-29,121,128,10.81,3.96,79.01,655,80.83,6,129,7.56,6.76,60.7
México,2024-03-31,128,89,15.34,5.71,90.29,4934,84.71,2,190,3.02,5.64,57.66
México,2024-04-30,114,117,17.54,9.91,81.45,1364,91.33,9,61,4.35,8.45,59.58
México,2024-05-31,345,99,14.28,5.7,83.77,2520,80.59,5,76,5.78,2.91,62.79
México,2024-06-30,190,185,16.42,4.82,80.58,1081,94.01,3,192,6.97,7.88,72.87
México,2024-07-31,305,93,12.04,9.53,80.41,3871,86.56,8,99,3.99,4.72,56.99
México,2024-08-31,279,151,12.79,5.31,84.45,736,85.33,4,179,1.73,5.13,57.98
México,2024-09-30,308,154,10.04,4.88,82.03,4605,81.41,8,166,3.29,4.93,59.39
México,2024-10-31,203,135,19.36,5.37,93.05,2551,88.94,2,157,8.54,2.24,82.02
México,2024-11-30,335,151,9.55,6.15,74.17,1331,86.07,3,124,5.44,3.29,68.7
México,2024-12-31,375,199,14.03,4.68,87.27,4335,84.97,1,53,7.37,8.22,82.7
Perú,2022-01-31,450,155,9.77,2.1,70.3,4862,80.43,1,52,2.8,6.48,70.47
Perú,2022-02-28,105,148,13.22,7.19,94.92,967,92.59,9,60,3.5,7.68,69.07
Perú,2022-03-31,289,88,17.89,6.16,94.54,4253,93.28,2,130,5.19,7.27,87.17
Perú,2022-04-30,264,137,10.61,5.12,81.24,3122,94.09,1,159,9.61,2.5,63.92
Perú,2022-05-31,189,193,18.75,2.67,94.24,1849,84.87,7,126,2.25,9.67,58.38
Perú,2022-06-30,222,175,12.97,3.59,77.46,1193,96.86,2,116,4.13,6.67,79.91
Perú,2022-07-31,255,129,9.22,6.07,84.0,1938,95.96,9,94,9.3,6.97,81.17
Perú,2022-08-31,189,76,19.27,8.04,84.84,1814,83.51,6,78,1.46,4.93,50.53
Perú,2022-09-30,325,54,5.21,4.7,80.56,4063,81.56,4,130,2.5,8.03,76.56
Perú,2022-10-31,103,88,13.39,8.3,83.09,4243,80.7,1,167,2.15,7.26,78.55
Perú,2022-11-30,288,161,6.23,2.49,79.17,3737,84.1,6,168,7.31,8.02,82.13
Perú,2022-12-31,115,137,5.66,7.48,92.24,584,85.15,3,75,4.38,5.59,70.71
Perú,2023-01-31,280,95,7.73,4.95,74.21,2934,82.59,8,70,9.55,9.63,64.36
Perú,2023-02-28,357,123,15.53,2.06,79.69,4494,84.7,2,88,7.69,3.58,73.42
Perú,2023-03-31,353,87,11.08,1.15,82.63,4690,80.23,6,99,3.13,7.48,78.18
Perú,2023-04-30,478,183,11.98,7.43,75.52,547,89.1,1,97,5.54,8.42,53.13
Perú,2023-05-31,407,65,14.33,3.74,90.43,789,95.46,5,177,2.8,8.75,75.44
Perú,2023-06-30,281,83,19.76,6.62,71.13,649,83.11,6,57,3.94,4.34,77.54
Perú,2023-07-31,465,88,16.79,3.23,90.64,1344,84.99,6,96,1.65,7.36,53.59
Perú,2023-08-31,260,172,10.33,3.76,71.59,1442,91.0,4,126,3.32,4.0,67.16
Perú,2023-09-30,412,173,14.17,8.13,76.17,1042,96.09,4,115,8.75,3.48,63.9
Perú,2023-10-31,222,149,18.27,3.31,93.34,4617,91.32,6,196,5.22,7.84,58.73
Perú,2023-11-30,159,196,9.23,1.55,77.13,1468,96.33,9,122,9.05,9.86,63.0
Perú,2023-12-31,486,123,16.16,2.23,89.73,1802,94.82,9,113,1.69,9.85,77.78
Perú,2024-01-31,411,79,19.02,3.31,76.72,3529,90.69,8,84,9.72,5.14,50.8
Perú,2024-02-29,332,71,5.67,9.64,81.04,1252,90.97,5,83,9.96,5.74,65.14
Perú,2024-03-31,392,140,12.51,3.24,85.81,2385,92.49,9,135,2.42,6.39,87.81
Perú,2024-04-30,247,71,13.8,4.89,81.5,3055,83.23,7,174,3.86,6.19,69.04
Perú,2024-05-31,142,79,11.31,1.36,85.14,1007,92.68,7,131,8.21,8.76,57.99
Perú,2024-06-30,343,136,16.91,6.11,74.29,3118,93.95,8,98,2.36,2.73,53.49
Perú,2024-07-31,399,154,17.6,9.83,94.89,2295,86.19,2,182,9.13,4.87,77.49
Perú,2024-08-31,495,178,19.46,8.06,90.08,1663,97.98,3,188,7.87,4.4,86.3
Perú,2024-09-30,487,179,13.75,1.95,80.85,2075,83.65,6,73,8.76,7.81,79.64
Perú,2024-10-31,109,190,7.79,6.33,94.28,4605,89.82,2,155,1.46,6.01,81.24
Perú,2024-11-30,313,172,9.75,6.81,77.43,4281,80.63,5,127,4.87,7.55,70.36
Perú,2024-12-31,449,183,17.16,3.09,73.15,3776,82.48,4,174,8.05,5.67,50.4
Uruguay,2022-01-31,302,179,19.38,1.22,83.4,2195,80.91,8,103,5.76,5.99,83.0
Uruguay,2022-02-28,435,58,7.86,9.87,78.05,3227,87.36,7,132,4.25,7.25,55.08
Uruguay,2022-03-31,107,176,12.58,9.62,81.7,770,97.64,1,117,3.66,6.92,51.44
Uruguay,2022-04-30,396,117,8.58,2.64,79.06,4503,95.03,7,113,2.19,5.84,76.65
Uruguay,2022-05-31,258,156,9.12,2.65,76.54,1393,83.6,4,87,4.66,5.47,80.77
Uruguay,2022-06-30,480,52,8.21,8.97,90.25,2799,92.14,1,183,4.48,4.9,59.04
Uruguay,2022-07-31,173,55,16.93,1.78,83.83,2263,91.92,9,62,1.55,8.87,63.92
Uruguay,2022-08-31,220,112,19.46,7.02,86.58,4167,93.45,8,172,3.8,5.52,66.82
Uruguay,2022-09-30,304,65,6.51,5.26,84.66,2877,96.38,9,191,5.5,4.15,66.65
Uruguay,2022-10-31,150,72,19.26,5.25,92.48,1941,86.07,1,129,2.47,9.61,60.64
Uruguay,2022-11-30,102,121,12.7,2.39,70.13,2017,81.06,4,60,8.18,5.53,56.86
Uruguay,2022-12-31,253,60,19.77,6.81,94.67,3004,96.74,5,96,5.58,2.66,70.59
Uruguay,2023-01-31,230,60,15.8,8.84,84.98,2061,94.33,3,53,4.43,3.8,86.69
Uruguay,2023-02-28,175,106,17.85,5.23,83.88,4700,83.94,6,94,2.5,5.14,54.53
Uruguay,2023-03-31,166,107,14.38,8.79,76.65,2198,83.61,7,152,1.15,9.77,86.92
Uruguay,2023-04-30,344,183,10.1,9.6,92.19,741,94.45,1,161,9.72,2.07,61.25
Uruguay,2023-05-31,381,194,9.75,6.52,78.34,4418,85.05,4,88,9.59,6.63,51.63
Uruguay,2023-06-30,181,197,15.28,5.15,81.53,1030,86.37,2,177,9.16,7.93,76.65
Uruguay,2023-07-31,185,197,6.0,8.0,82.23,3138,88.63,4,140,7.13,9.41,63.33
Uruguay,2023-08-31,493,152,11.13,9.01,93.17,3103,89.91,8,136,4.75,7.95,81.12
Uruguay,2023-09-30,333,57,13.8,2.92,93.36,1428,97.73,4,115,5.75,9.2,52.02
Uruguay,2023-10-31,209,173,12.86,4.06,80.06,3612,88.5,1,193,5.42,4.74,83.47
Uruguay,2023-11-30,420,63,5.1,5.82,70.11,960,90.28,9,131,9.26,5.8,59.44
Uruguay,2023-12-31,237,141,11.08,9.72,83.1,4685,97.51,6,176,1.34,5.03,64.55
Uruguay,2024-01-31,194,129,15.03,9.15,83.93,2759,93.59,1,83,8.81,9.06,82.85
Uruguay,2024-02-29,338,98,6.4,9.25,77.43,1542,97.13,7,116,2.03,4.77,74.9
Uruguay,2024-03-31,335,169,7.98,2.54,74.21,3831,82.62,7,117,5.78,4.95,76.85
Uruguay,2024-04-30,163,139,19.96,5.63,83.34,3340,88.02,3,110,5.9,5.68,72.71
Uruguay,2024-05-31,198,172,6.73,9.43,88.89,2442,80.01,1,64,4.93,3.23,85.66
Uruguay,2024-06-30,178,187,8.03,3.22,93.48,4730,88.09,5,98,7.79,5.59,58.96
Uruguay,2024-07-31,296,190,6.14,8.04,72.5,3103,95.71,5,193,4.2,6.58,75.42
Uruguay,2024-08-31,290,182,7.16,2.21,75.84,2764,82.15,7,108,3.27,7.91,58.84
Uruguay,2024-09-30,172,107,11.5,8.15,81.96,2380,81.46,4,144,7.65,3.42,65.08
Uruguay,2024-10-31,184,106,8.05,7.85,90.71,2736,92.24,6,165,9.15,2.14,54.85
Uruguay,2024-11-30,436,155,18.29,1.62,87.35,4320,86.24,8,138,9.38,7.75,63.1
Uruguay,2024-12-31,255,87,15.96,5.1,90.46,1263,95.43,5,174,6.81,7.29,52.3
Colombia,2022-01-31,189,139,10.67,6.4,79.96,1612,93.73,8,148,2.68,6.09,61.17
Colombia,2022-02-28,122,140,15.1,8.63,85.07,642,91.25,9,151,7.59,9.51,87.7
Colombia,2022-03-31,384,194,13.42,3.06,77.08,1686,90.39,2,133,2.27,2.93,68.95
Colombia,2022-04-30,181,57,8.06,2.35,87.81,2494,95.81,8,159,2.81,5.0,52.85
Colombia,2022-05-31,303,55,10.78,6.45,80.24,3989,97.26,2,63,5.78,8.14,65.96
Colombia,2022-06-30,427,181,13.02,2.17,82.05,1029,95.98,6,95,4.62,2.53,68.68
Colombia,2022-07-31,458,160,13.4,4.15,89.29,3811,89.59,3,185,3.81,4.41,50.4
Colombia,2022-08-31,333,144,9.59,9.14,73.05,3527,89.36,8,53,4.81,5.67,50.9
Colombia,2022-09-30,460,142,19.47,9.5,83.74,1189,91.21,3,88,5.44,5.07,86.91
Colombia,2022-10-31,392,123,5.81,9.6,90.01,2282,94.88,1,176,5.02,2.13,62.16
Colombia,2022-11-30,119,133,15.43,3.35,77.52,3674,83.84,8,116,7.67,7.36,74.89
Colombia,2022-12-31,343,111,11.91,6.38,90.33,4260,89.65,4,51,7.36,9.47,85.29
Colombia,2023-01-31,489,184,16.89,6.39,79.87,904,81.66,9,72,8.3,8.92,69.98
Colombia,2023-02-28,324,155,9.69,5.83,77.02,610,97.44,1,156,2.44,7.43,54.58
Colombia,2023-03-31,416,187,5.08,4.35,79.48,580,89.82,2,109,1.75,3.33,56.57
Colombia,2023-04-30,281,156,9.06,6.47,84.88,3810,80.25,4,187,8.6,3.12,58.73
Colombia,2023-05-31,149,143,14.57,6.85,84.36,2169,83.17,2,79,3.23,3.31,84.44
Colombia,2023-06-30,387,102,19.18,2.25,92.53,3958,81.14,7,199,4.38,8.88,59.5
Colombia,2023-07-31,442,147,13.89,1.47,81.89,4599,87.5,8,153,4.85,7.74,73.22
Colombia,2023-08-31,206,155,7.11,4.04,86.72,3747,86.01,7,97,8.14,3.78,66.67
Colombia,2023-09-30,464,182,15.34,2.85,76.89,4848,89.25,7,192,6.22,4.64,56.98
Colombia,2023-10-31,409,104,10.25,6.37,94.5,4461,88.05,2,113,9.69,5.97,73.92
Colombia,2023-11-30,237,150,8.55,5.9,90.2,4996,90.13,9,74,3.05,2.67,74.58
Colombia,2023-12-31,440,156,18.78,9.2,80.5,4999,97.91,9,50,4.91,3.31,65.55
Colombia,2024-01-31,103,173,13.14,6.6,77.84,1352,93.36,1,187,3.57,9.18,53.05
Colombia,2024-02-29,285,117,17.34,4.19,91.25,4943,84.58,6,173,5.02,8.61,84.16
Colombia,2024-03-31,487,118,11.46,1.41,71.74,4624,89.36,3,77,3.65,5.69,68.88
Colombia,2024-04-30,254,54,7.36,5.97,87.95,1357,84.84,2,180,2.21,6.11,67.53
Colombia,2024-05-31,162,134,9.49,6.2,77.87,3304,93.24,1,65,9.52,7.22,50.56
Colombia,2024-06-30,130,55,16.96,8.4,75.81,4391,94.29,6,69,9.99,7.63,56.14
Colombia,2024-07-31,424,191,13.17,1.89,87.59,1810,97.52,9,162,6.57,5.36,89.04
Colombia,2024-08-31,371,130,14.95,5.08,94.63,853,86.58,5,61,3.59,9.8,84.16
Colombia,2024-09-30,111,78,6.55,1.71,92.19,4664,95.19,1,197,7.07,3.28,88.72
Colombia,2024-10-31,133,190,8.28,3.2,73.33,4812,93.18,9,165,4.25,6.72,85.54
Colombia,2024-11-30,406,181,6.92,9.72,79.12,3231,97.16,9,139,7.21,9.8,61.01
Colombia,2024-12-31,174,81,12.08,1.42,89.19,3387,88.58,8,180,3.09,5.56,79.96
Brasil,2022-01-31,372,137,10.44,8.81,88.48,4774,82.74,5,193,2.12,3.43,73.26
Brasil,2022-02-28,226,180,12.03,8.39,89.48,999,94.56,3,137,7.3,9.94,84.01
Brasil,2022-03-31,351,133,6.62,4.15,77.68,2093,85.44,8,126,1.52,8.09,84.23
Brasil,2022-04-30,272,71,15.4,5.24,81.84,2920,92.81,3,79,2.11,3.37,54.94
Brasil,2022-05-31,396,57,11.65,7.8,76.05,3619,85.15,6,58,3.7,3.14,82.51
Brasil,2022-06-30,367,150,15.62,8.93,81.19,843,88.12,8,126,8.98,6.36,80.55
Brasil,2022-07-31,137,56,11.97,3.26,85.63,2656,94.99,6,103,4.31,7.66,87.28
Brasil,2022-08-31,340,123,5.14,3.92,81.34,2666,91.35,3,65,6.94,5.11,78.14
Brasil,2022-09-30,285,176,12.21,9.62,85.0,1279,97.98,1,140,3.8,2.36,53.7
Brasil,2022-10-31,475,109,11.24,2.02,85.95,4938,86.79,6,175,6.47,8.28,81.63
Brasil,2022-11-30,475,159,15.2,4.26,93.68,572,97.5,1,189,6.89,6.34,83.04
Brasil,2022-12-31,421,187,18.86,8.02,84.33,2958,90.42,4,156,1.08,5.27,83.33
Brasil,2023-01-31,349,173,5.29,7.17,72.47,1611,95.24,9,153,5.24,4.9,69.34
Brasil,2023-02-28,161,104,7.19,1.85,74.26,3764,86.83,6,121,7.29,4.58,68.81
Brasil,2023-03-31,230,190,9.55,8.4,73.38,1723,87.25,1,192,6.87,9.61,61.6
Brasil,2023-04-30,196,141,14.75,5.48,93.54,2079,91.57,5,78,3.97,5.47,88.78
Brasil,2023-05-31,491,54,13.27,4.27,82.98,2124,93.92,3,105,5.08,4.72,83.57
Brasil,2023-06-30,165,170,8.32,8.05,72.1,4344,81.03,5,149,8.56,4.55,50.64
Brasil,2023-07-31,459,93,7.98,6.03,76.23,2323,84.4,8,136,8.84,5.78,71.31
Brasil,2023-08-31,389,138,13.02,9.46,75.83,1130,85.11,8,111,8.28,8.08,84.83
Brasil,2023-09-30,394,156,19.66,8.08,89.89,1038,88.19,9,142,4.32,2.52,62.79
Brasil,2023-10-31,327,143,12.23,2.3,87.02,4409,92.99,7,118,4.12,8.6,83.12
Brasil,2023-11-30,299,50,7.41,7.67,73.35,2381,91.38,9,103,4.03,7.66,53.51
Brasil,2023-12-31,437,183,16.24,3.1,85.17,3450,89.32,4,119,9.72,7.16,84.8
Brasil,2024-01-31,265,68,9.56,8.14,87.9,2276,89.02,7,88,6.34,5.21,70.95
Brasil,2024-02-29,468,131,5.53,6.38,80.76,3809,80.86,7,177,9.44,5.82,84.36
Brasil,2024-03-31,164,67,11.35,6.05,92.99,691,86.06,5,69,6.81,4.58,72.18
Brasil,2024-04-30,414,177,8.71,9.77,75.97,4771,92.13,3,63,9.82,9.58,62.88
Brasil,2024-05-31,272,114,9.96,8.66,82.29,3275,88.0,6,66,4.61,5.76,74.29
Brasil,2024-06-30,160,178,14.82,8.3,86.0,647,87.78,6,144,7.16,7.86,50.74
Brasil,2024-07-31,286,182,5.15,2.47,72.97,3013,95.12,5,155,5.71,2.36,54.68
Brasil,2024-08-31,340,158,11.76,5.51,80.82,3997,94.22,2,199,7.51,5.59,66.83
Brasil,2024-09-30,222,89,18.46,4.03,71.08,3073,91.2,1,165,6.36,6.88,70.89
Brasil,2024-10-31,245,54,17.23,5.62,92.37,3419,81.51,4,128,6.03,2.72,82.95
Brasil,2024-11-30,211,197,13.01,3.18,92.72,3167,87.94,6,65,9.11,3.36,68.2
Brasil,2024-12-31,439,119,17.48,5.15,94.15,4986,88.9,5,153,1.29,4.83,81.58
Chile,2022-01-31,248,194,19.79,5.1,76.86,2674,92.22,6,152,9.56,7.72,63.28
Chile,2022-02-28,102,180,5.33,8.33,94.75,4274,84.81,5,51,3.75,7.1,53.58
Chile,2022-03-31,478,151,12.82,4.41,84.99,2978,81.33,3,175,8.89,9.8,64.37
Chile,2022-04-30,263,69,19.75,8.02,87.82,4151,80.08,3,101,9.93,9.52,51.09
Chile,2022-05-31,112,149,17.81,2.58,92.71,1353,85.01,3,89,5.03,3.21,54.64
Chile,2022-06-30,216,70,11.67,2.08,80.7,4448,96.03,2,117,1.75,9.62,61.16
Chile,2022-07-31,405,158,13.45,2.98,71.68,3912,90.08,7,94,7.62,2.99,59.53
Chile,2022-08-31,320,149,15.76,6.04,90.23,609,85.97,6,59,1.79,7.49,50.55
Chile,2022-09-30,279,97,16.56,8.76,71.69,4179,84.6,1,156,9.38,9.18,76.24
Chile,2022-10-31,325,129,16.5,8.58,79.27,1839,82.61,1,198,2.83,4.25,64.51
Chile,2022-11-30,343,70,6.32,1.13,93.2,3988,94.84,2,136,4.82,9.01,54.26
Chile,2022-12-31,301,50,12.73,9.64,90.4,702,89.26,5,175,3.68,9.14,77.09
Chile,2023-01-31,222,125,15.98,9.67,71.04,2810,87.64,8,188,9.19,9.87,81.29
Chile,2023-02-28,433,75,5.07,1.31,87.14,2233,87.56,1,109,7.21,5.76,78.33
Chile,2023-03-31,330,195,12.09,6.82,94.89,887,96.42,2,55,5.66,8.31,89.8
Chile,2023-04-30,150,160,16.18,7.34,81.64,3338,86.51,1,73,8.31,6.36,54.49
Chile,2023-05-31,246,122,5.83,8.29,88.76,923,86.15,2,133,3.36,2.21,64.94
Chile,2023-06-30,372,180,10.07,1.5,82.29,1623,85.75,7,171,8.27,2.19,57.98
Chile,2023-07-31,321,110,11.04,4.35,75.94,3338,94.53,8,89,2.33,2.22,82.78
Chile,2023-08-31,252,197,19.62,8.01,91.37,4052,85.57,1,191,2.2,9.03,89.55
Chile,2023-09-30,267,183,14.05,9.55,84.42,625,90.86,8,157,2.15,3.23,70.2
Chile,2023-10-31,297,76,12.85,7.24,77.24,1090,85.99,3,162,8.72,8.91,66.36
Chile,2023-11-30,124,50,16.97,5.14,92.54,1269,94.88,6,125,9.24,8.62,61.01
Chile,2023-12-31,490,101,19.09,2.98,76.26,1955,86.63,9,146,2.11,7.74,52.53
Chile,2024-01-31,491,70,13.5,2.07,94.32,804,89.62,8,199,2.42,6.7,56.33
Chile,2024-02-29,285,58,9.46,6.65,86.08,1820,97.3,3,92,4.67,3.48,53.22
Chile,2024-03-31,411,198,7.12,9.25,89.42,3893,84.6,3,154,1.23,7.69,60.46
Chile,2024-04-30,462,136,19.38,7.03,91.77,1850,90.87,8,98,1.51,4.71,63.94
Chile,2024-05-31,442,130,13.38,9.15,73.44,967,91.24,8,169,4.84,4.86,59.21
Chile,2024-06-30,173,152,15.63,3.12,88.58,2915,88.85,5,179,7.06,5.26,84.82
Chile,2024-07-31,334,158,14.17,9.64,89.43,1302,95.48,7,76,3.43,5.32,80.55
Chile,2024-08-31,250,97,20.0,3.79,76.22,4028,95.96,3,151,1.57,5.76,66.31
Chile,2024-09-30,321,80,6.11,6.66,73.57,1227,97.39,7,169,8.01,5.57,75.17
Chile,2024-10-31,434,112,12.25,4.86,86.89,4157,84.89,2,146,1.66,4.1,60.17
Chile,2024-11-30,370,143,15.84,6.96,87.31,2254,95.16,7,109,5.88,2.75,63.37
Chile,2024-12-31,404,195,11.34,7.6,84.04,1524,93.95,7,184,7.4,3.83,64.49
Costa Rica,2022-01-31,280,133,17.95,4.18,76.31,4439,96.56,9,182,1.91,3.12,69.78
Costa Rica,2022-02-28,170,160,5.35,6.39,84.1,3792,90.17,1,99,9.84,2.83,84.93
Costa Rica,2022-03-31,139,75,16.0,5.76,88.56,4253,87.9,7,189,1.71,3.33,62.77
Costa Rica,2022-04-30,448,159,16.04,8.43,79.14,3543,89.79,8,98,6.78,2.22,68.27
Costa Rica,2022-05-31,189,54,6.16,1.28,84.96,2412,97.12,6,81,7.68,4.49,56.82
Costa Rica,2022-06-30,416,84,9.48,9.2,92.19,2807,90.47,4,67,1.82,6.66,88.95
Costa Rica,2022-07-31,386,192,7.57,5.28,92.6,3194,80.71,2,154,1.33,8.51,78.91
Costa Rica,2022-08-31,397,153,19.15,7.49,73.87,2263,91.42,3,184,9.93,9.95,88.65
Costa Rica,2022-09-30,210,76,14.72,1.28,81.42,1665,81.86,5,132,7.27,3.44,77.98
Costa Rica,2022-10-31,351,128,19.82,9.83,73.7,1901,89.49,3,135,2.68,6.98,77.12
Costa Rica,2022-11-30,455,158,5.54,9.04,79.67,3425,85.39,3,110,4.2,7.21,72.76
Costa Rica,2022-12-31,447,199,19.09,2.0,83.09,2450,85.41,5,164,8.82,7.17,60.83
Costa Rica,2023-01-31,410,192,11.5,7.75,76.46,2172,93.06,6,52,3.47,3.83,58.81
Costa Rica,2023-02-28,133,125,7.84,8.04,80.41,4371,98.0,9,181,2.08,9.63,78.95
Costa Rica,2023-03-31,458,184,17.14,4.69,73.2,1760,94.19,8,161,7.79,3.82,76.95
Costa Rica,2023-04-30,185,178,5.79,6.91,81.61,3389,89.08,9,148,1.89,3.84,60.47
Costa Rica,2023-05-31,116,193,8.6,6.3,83.58,2586,84.23,5,138,4.86,3.01,78.78
Costa Rica,2023-06-30,256,143,14.09,3.71,81.24,3117,95.65,9,149,3.47,8.45,63.31
Costa Rica,2023-07-31,226,102,13.66,2.17,70.54,3679,94.13,7,186,7.17,4.53,59.61
Costa Rica,2023-08-31,434,164,17.6,6.24,86.12,2182,87.34,2,174,8.46,9.93,59.84
Costa Rica,2023-09-30,309,87,10.71,6.16,79.19,1256,96.98,6,100,6.04,9.12,67.25
Costa Rica,2023-10-31,182,199,19.95,9.36,78.15,4329,97.67,5,194,5.01,3.61,88.67
Costa Rica,2023-11-30,461,193,18.06,3.34,83.19,3568,81.66,6,118,2.42,2.84,56.83
Costa Rica,2023-12-31,187,196,18.82,9.93,72.03,1110,94.42,5,126,9.84,7.9,54.69
Costa Rica,2024-01-31,119,93,11.06,5.96,93.43,4742,95.16,6,128,9.88,9.15,69.77
Costa Rica,2024-02-29,174,73,13.53,7.63,80.63,3338,89.51,8,108,9.27,3.9,62.75
Costa Rica,2024-03-31,123,193,11.2,3.39,86.69,3635,91.68,8,119,5.74,2.05,56.19
Costa Rica,2024-04-30,332,131,17.58,5.69,86.13,1465,88.7,6,89,2.13,8.71,50.77
Costa Rica,2024-05-31,449,75,10.67,3.86,93.41,2572,85.22,7,85,8.4,7.17,56.74
Costa Rica,2024-06-30,340,80,5.9,6.27,91.02,2679,86.03,2,195,5.94,7.83,58.93
Costa Rica,2024-07-31,254,151,10.06,5.04,74.63,4042,85.94,3,167,6.95,6.48,66.29
Costa Rica,2024-08-31,353,117,8.91,1.4,93.71,1934,84.87,4,182,2.97,4.58,65.53
Costa Rica,2024-09-30,294,175,17.94,8.47,81.18,2756,92.25,1,65,8.81,3.5,89.54
Costa Rica,2024-10-31,346,92,9.43,1.2,85.45,4402,85.19,3,177,3.34,8.16,79.95
Costa Rica,2024-11-30,377,199,15.12,8.34,91.02,2912,88.36,8,107,4.1,3.33,78.19
Costa Rica,2024-12-31,334,91,9.26,1.75,77.04,1678,89.67,9,160,6.44,8.65,64.13
El Salvador,2022-01-31,413,85,9.85,1.85,70.46,4051,86.12,1,186,6.72,3.83,74.92
El Salvador,2022-02-28,258,63,11.15,5.02,89.2,545,86.94,8,184,9.68,8.06,82.08
El Salvador,2022-03-31,115,147,17.05,2.09,88.32,505,97.16,8,68,6.1,4.27,67.8
El Salvador,2022-04-30,138,76,18.65,2.15,80.11,3154,95.43,9,61,2.16,5.26,87.98
El Salvador,2022-05-31,238,76,7.47,7.97,76.01,1963,85.69,7,119,4.3,5.94,84.77
El Salvador,2022-06-30,312,69,7.77,7.64,75.5,1806,91.35,1,199,4.46,5.75,74.16
El Salvador,2022-07-31,123,171,7.18,3.27,75.83,2712,84.47,7,179,6.84,4.35,77.1
El Salvador,2022-08-31,158,117,5.01,6.29,91.95,3828,89.56,9,53,7.65,2.64,84.79
El Salvador,2022-09-30,471,139,15.7,4.64,85.52,1719,89.15,9,126,9.36,9.26,53.34
El Salvador,2022-10-31,298,190,12.58,2.41,91.47,2607,80.28,9,116,8.72,9.3,67.93
El Salvador,2022-11-30,118,132,7.84,2.0,71.88,3089,93.19,4,71,1.35,8.01,85.92
El Salvador,2022-12-31,156,112,17.45,6.69,77.84,777,91.65,5,126,8.28,2.65,74.16
El Salvador,2023-01-31,363,151,7.44,8.4,89.9,3079,88.57,6,144,4.65,6.57,71.0
El Salvador,2023-02-28,162,86,6.49,3.84,91.58,4811,85.44,9,186,1.22,7.24,76.23
El Salvador,2023-03-31,412,117,16.33,4.88,79.22,907,96.38,9,162,7.34,6.89,73.51
El Salvador,2023-04-30,165,99,9.73,5.25,74.3,3889,97.03,9,133,2.72,6.08,51.79
El Salvador,2023-05-31,169,54,7.24,3.33,74.73,947,95.38,9,56,2.13,9.48,89.22
El Salvador,2023-06-30,138,120,8.03,2.67,79.17,1541,95.72,8,118,3.97,2.41,51.3
El Salvador,2023-07-31,138,144,16.71,5.08,88.38,4841,90.8,3,109,6.82,6.98,55.09
El Salvador,2023-08-31,382,199,5.5,3.95,79.1,1604,94.18,3,125,7.23,4.11,81.8
El Salvador,2023-09-30,346,78,8.85,2.25,80.78,1415,81.55,9,88,8.78,8.94,61.13
El Salvador,2023-10-31,216,143,17.99,8.53,82.16,2333,92.36,8,91,7.36,2.42,83.12
El Salvador,2023-11-30,465,125,18.66,1.81,82.18,2968,96.15,4,111,9.17,8.35,58.13
El Salvador,2023-12-31,493,104,7.94,4.88,82.41,3890,91.0,9,168,4.92,2.71,89.68
El Salvador,2024-01-31,135,136,8.09,7.35,77.72,2325,84.93,8,171,8.28,5.62,89.65
El Salvador,2024-02-29,227,72,14.65,8.89,84.95,4095,92.61,3,149,2.19,2.4,72.52
El Salvador,2024-03-31,269,157,10.23,8.27,94.7,807,91.29,6,137,9.78,8.6,73.54
El Salvador,2024-04-30,437,124,9.33,6.3,91.43,4174,89.58,6,174,8.99,6.22,79.6
El Salvador,2024-05-31,300,182,7.88,3.53,75.44,3749,89.16,2,57,7.72,3.32,89.91
El Salvador,2024-06-30,138,58,17.22,8.74,91.93,4875,81.93,6,133,4.03,9.95,51.82
El Salvador,2024-07-31,222,97,14.26,4.57,71.07,4897,80.32,7,100,5.88,9.76,73.83
El Salvador,2024-08-31,408,157,19.85,1.52,94.9,3511,80.26,5,175,9.66,8.65,61.38
El Salvador,2024-09-30,229,81,10.33,7.25,78.89,4085,94.94,1,186,3.23,2.46,56.0
El Salvador,2024-10-31,493,137,19.81,2.92,90.91,4953,96.98,6,149,1.53,6.82,50.3
El Salvador,2024-11-30,184,106,5.71,8.35,86.51,2813,86.88,9,106,6.06,3.84,63.92
El Salvador,2024-12-31,396,145,8.79,6.02,85.81,3045,97.15,4,180,9.3,2.67,50.51
Ecuador,2022-01-31,333,95,17.31,2.0,91.62,4903,95.7,3,58,8.55,3.6,58.71
Ecuador,2022-02-28,292,167,14.44,4.96,84.31,2121,85.94,7,144,3.39,9.17,69.4
Ecuador,2022-03-31,179,54,8.25,7.43,92.92,4148,85.55,6,157,2.75,8.52,78.23
Ecuador,2022-04-30,269,88,19.28,7.38,92.34,1940,80.22,3,159,6.26,9.26,83.41
Ecuador,2022-05-31,162,97,7.16,7.44,90.15,3785,92.35,4,173,7.92,6.79,87.88
Ecuador,2022-06-30,276,147,12.25,4.37,84.26,2309,82.06,1,169,4.4,2.78,64.15
Ecuador,2022-07-31,196,152,11.77,3.62,82.97,2055,86.04,2,144,7.7,7.19,88.5
Ecuador,2022-08-31,398,98,17.54,7.42,83.8,1256,93.57,8,103,8.48,5.81,85.56
Ecuador,2022-09-30,397,133,9.55,6.68,88.3,502,95.26,1,140,3.26,5.59,69.61
Ecuador,2022-10-31,438,111,6.05,4.39,71.34,3081,81.17,6,86,4.18,2.53,75.48
Ecuador,2022-11-30,425,138,5.53,5.97,82.03,4441,86.43,9,65,3.64,5.6,77.58
Ecuador,2022-12-31,480,159,11.55,1.54,71.21,1525,91.81,8,100,5.66,8.87,70.99
Ecuador,2023-01-31,271,102,14.45,2.23,91.75,716,90.36,9,168,3.67,9.67,61.24
Ecuador,2023-02-28,421,142,10.86,1.51,86.06,2797,89.66,5,95,6.77,4.98,65.73
Ecuador,2023-03-31,114,57,6.56,2.86,77.14,4810,81.81,3,58,3.52,9.94,50.98
Ecuador,2023-04-30,113,178,13.22,9.87,86.05,2883,89.85,3,111,2.52,4.74,82.15
Ecuador,2023-05-31,248,171,17.95,7.45,79.2,3152,96.53,4,82,5.22,7.39,79.63
Ecuador,2023-06-30,442,57,9.75,5.03,86.67,1837,83.9,3,64,1.26,2.47,59.68
Ecuador,2023-07-31,164,130,9.73,3.21,82.04,4729,84.3,4,76,1.61,6.11,64.49
Ecuador,2023-08-31,268,141,6.22,5.43,89.91,4694,96.0,2,107,6.12,5.85,74.02
Ecuador,2023-09-30,118,169,17.44,1.07,82.2,1753,88.51,7,106,3.89,9.2,80.04
Ecuador,2023-10-31,223,181,6.59,6.89,72.99,978,89.05,4,182,1.41,5.4,58.62
Ecuador,2023-11-30,429,162,16.4,1.72,76.01,818,93.75,7,98,5.54,3.34,73.04
Ecuador,2023-12-31,355,78,10.11,9.92,76.48,3006,94.99,8,186,7.53,4.27,67.84
Ecuador,2024-01-31,416,114,19.89,9.01,93.07,1476,84.69,1,198,2.48,8.18,76.42
Ecuador,2024-02-29,200,77,17.48,8.49,86.48,3911,85.12,5,193,1.69,3.88,72.59
Ecuador,2024-03-31,241,149,9.89,3.05,84.35,859,83.02,1,110,7.99,8.88,61.83
Ecuador,2024-04-30,215,103,13.54,7.38,94.79,2194,86.9,9,124,8.48,9.73,58.16
Ecuador,2024-05-31,295,157,7.69,4.77,87.1,659,93.34,2,142,5.77,2.46,74.79
Ecuador,2024-06-30,357,118,14.72,8.39,74.4,695,94.11,2,179,9.52,7.47,56.68
Ecuador,2024-07-31,431,161,15.4,4.79,89.88,3165,92.39,9,175,6.7,8.44,87.76
Ecuador,2024-08-31,255,154,15.61,1.01,76.54,2754,91.23,9,183,9.78,4.96,53.52
Ecuador,2024-09-30,415,74,19.09,4.29,82.85,4545,83.9,7,127,8.64,8.63,84.92
Ecuador,2024-10-31,156,103,7.9,1.72,94.05,1132,95.4,7,180,6.8,6.33,86.27
Ecuador,2024-11-30,313,117,10.8,8.12,74.96,2120,85.49,3,72,7.38,7.53,84.37
Ecuador,2024-12-31,304,87,7.33,5.04,72.1,4027,83.11,4,62,2.47,8.35,77.78
Paraguay,2022-01-31,489,192,9.2,8.62,86.79,4660,82.09,7,136,5.9,4.73,78.81
Paraguay,2022-02-28,319,132,7.04,5.78,90.85,612,94.08,2,67,2.94,9.39,75.58
Paraguay,2022-03-31,115,190,16.91,6.78,73.18,4552,94.81,1,173,7.43,4.93,62.67
Paraguay,2022-04-30,218,173,15.65,1.48,93.54,1023,93.32,2,170,9.46,7.92,67.46
Paraguay,2022-05-31,177,82,19.69,3.19,87.21,1090,92.36,1,164,4.5,9.31,65.45
Paraguay,2022-06-30,324,150,15.5,4.35,80.62,3447,82.78,1,104,4.7,4.03,86.25
Paraguay,2022-07-31,129,88,17.29,5.44,72.88,3448,83.98,3,137,7.65,8.94,78.73
Paraguay,2022-08-31,208,129,17.26,6.27,86.63,4715,97.86,7,58,6.95,6.78,70.88
Paraguay,2022-09-30,286,94,17.23,5.19,70.77,3359,84.61,9,195,6.8,8.77,81.46
Paraguay,2022-10-31,195,159,19.72,6.98,89.86,3060,86.62,8,163,9.1,3.06,78.7
Paraguay,2022-11-30,409,82,17.66,1.91,85.75,3856,87.06,1,57,1.25,8.68,71.33
Paraguay,2022-12-31,310,160,8.4,6.09,72.38,3429,94.01,3,182,1.38,8.59,85.31
Paraguay,2023-01-31,419,141,19.08,1.96,90.18,978,84.88,8,151,7.87,7.74,69.57
Paraguay,2023-02-28,245,161,16.11,9.69,91.71,3122,80.71,2,144,5.91,2.4,84.44
Paraguay,2023-03-31,343,57,11.49,1.2,70.28,3124,89.69,9,149,4.29,6.57,81.41
Paraguay,2023-04-30,302,55,5.15,5.74,77.44,2252,91.81,6,74,3.35,4.83,67.43
Paraguay,2023-05-31,356,120,18.91,3.63,70.61,747,94.04,6,78,5.09,9.11,71.15
Paraguay,2023-06-30,116,98,18.13,6.68,80.57,1064,86.36,6,118,7.34,6.64,66.11
Paraguay,2023-07-31,145,150,13.44,6.4,73.73,2818,83.53,3,96,1.12,6.75,80.77
Paraguay,2023-08-31,465,127,18.91,9.49,88.31,1695,97.43,8,146,2.17,7.82,80.79
Paraguay,2023-09-30,375,104,10.61,2.13,85.38,1980,85.21,2,198,8.84,5.78,57.78
Paraguay,2023-10-31,323,98,16.6,7.38,76.09,694,81.73,9,79,6.03,8.71,67.41
Paraguay,2023-11-30,485,58,8.9,4.54,76.26,3917,92.84,4,149,1.87,3.46,66.59
Paraguay,2023-12-31,321,154,14.82,4.74,90.28,1129,84.88,2,75,9.22,2.82,51.54
Paraguay,2024-01-31,156,89,5.42,5.16,81.49,1324,81.46,2,189,9.82,2.91,75.01
Paraguay,2024-02-29,121,81,12.68,2.88,94.14,1314,91.02,4,86,2.11,5.52,52.71
Paraguay,2024-03-31,151,120,6.48,1.32,87.87,1022,83.62,9,182,9.02,9.95,86.24
Paraguay,2024-04-30,461,163,7.65,6.83,80.65,3412,91.49,9,58,2.93,8.11,50.49
Paraguay,2024-05-31,247,198,13.55,3.78,80.64,3239,96.71,7,90,6.3,2.85,83.68
Paraguay,2024-06-30,496,179,16.35,7.29,87.72,702,83.86,8,117,8.64,7.98,57.69
Paraguay,2024-07-31,340,144,8.66,4.28,90.5,3336,95.98,6,170,4.83,5.47,60.16
Paraguay,2024-08-31,462,129,19.4,4.14,70.59,2832,91.88,7,127,2.67,9.28,59.56
Paraguay,2024-09-30,370,159,12.96,4.64,92.93,1689,89.22,8,122,6.8,5.78,65.71
Paraguay,2024-10-31,422,102,10.85,3.73,78.69,2541,94.66,9,108,7.07,5.88,81.09
Paraguay,2024-11-30,278,121,15.86,4.33,89.88,4837,80.43,5,93,2.68,4.65,82.16
Paraguay,2024-12-31,452,84,5.2,5.71,76.02,976,95.43,1,136,3.46,4.15,54.05
